Position, Company, Location, URL
라인프렌즈[IPX] 2022년 각 부문 수시의 전체 세부 정보, IPX, 서울 용산구, https://kr.indeed.com/rc/clk?jk=1015284880e2ff62&fccid=e6548a8408f0612b&vjs=3
[외국계 스타트업 미소] Business Analyst Intern (정규직 전환형)의 전체 세부 정보, 유한회사 미소, 서울, https://kr.indeed.com/rc/clk?jk=4c25d6649f8434a8&fccid=02936474a8d39137&vjs=3
2023 Software Engineering Intern  People with Disabilities (장애인 채용)의 전체 세부 정보, Google, 서울, https://kr.indeed.com/rc/clk?jk=ed7b7e6eb72ffab8&fccid=a5b4499d9e91a5c6&vjs=3
[NAVER Z] 데이터 엔지니어의 전체 세부 정보, 네이버제트, 성남 분당구, https://kr.indeed.com/rc/clk?jk=e32bdbdd2af9af86&fccid=bc34e4450e078d19&vjs=3
Software Engineer (Virtualization)의 전체 세부 정보, BOEING, 서울, https://kr.indeed.com/rc/clk?jk=1f3b719ddc7dc0a3&fccid=edae4285faf6c2f0&vjs=3
[인턴십] Papago 이미지 번역의 전체 세부 정보, 네이버클라우드, 성남 분당구, https://kr.indeed.com/rc/clk?jk=2a8b319168008fd9&fccid=54815931228b42c0&vjs=3
친환경차 배터리 개발[연구원  책임연구원]의 전체 세부 정보, 현대자동차그룹, 대한민국, https://kr.indeed.com/rc/clk?jk=b4a61e56ee78ab7b&fccid=980d6ecc399a3373&vjs=3
Data Scientist의 전체 세부 정보, 이몰디노, 서울 중구, https://kr.indeed.com/rc/clk?jk=377c5ba87cf475d8&fccid=8211d0d9599042ef&vjs=3
[ICT] Data Scientist - 자연어처리[매니저]의 전체 세부 정보, 현대자동차그룹, 대한민국, https://kr.indeed.com/rc/clk?jk=cf99a4662ad1c936&fccid=980d6ecc399a3373&vjs=3
Data Scientist의 전체 세부 정보, Toss, 서울, https://kr.indeed.com/rc/clk?jk=9cb8324539546a71&fccid=18c4935c8ec646d5&vjs=3
Associate Consultant Intern의 전체 세부 정보, Mastercard, 서울, https://kr.indeed.com/rc/clk?jk=acf53a07a0c4d06f&fccid=10b5c722d846df43&vjs=3
2023 Student Training in Engineering Program (STEP)  People with Disabilities (장애인 채용)의 전체 세부 정보, Google, 서울, https://kr.indeed.com/rc/clk?jk=5d24a062cabc9f0d&fccid=a5b4499d9e91a5c6&vjs=3
T아카데미 ASAC 2기 교육생 [빅데이터 분석/ 웹풀스택 개발]의 전체 세부 정보, SK플래닛 Tacademy, 서울 마포구, https://kr.indeed.com/rc/clk?jk=d28829d5b0b4fb66&fccid=c29e5daceb008fd3&vjs=3
[KR] Solutions Engineer  TikTok Ads의 전체 세부 정보, TikTok, 서울, https://kr.indeed.com/rc/clk?jk=e859aef236922ced&fccid=caed318a9335aac0&vjs=3
2023년 현대건설 R&D 분야 전문인력 선발의 전체 세부 정보, 현대건설, 서울 종로구, https://kr.indeed.com/rc/clk?jk=9895c0634f1efaa8&fccid=15eb6ec522cd5360&vjs=3
[KR] Solutions Engineer  TikTok Ads의 전체 세부 정보, TikTok, 서울, https://kr.indeed.com/rc/clk?jk=e859aef236922ced&fccid=caed318a9335aac0&vjs=3
2023년 IT개발자의 전체 세부 정보, ㈜이투마스, 서울 강서구, https://kr.indeed.com/rc/clk?jk=791d168ca0fb52d2&fccid=dd616958bd9ddc12&vjs=3
그룹공동 마이데이터 분석 플랫폼(데이터분석가)의 전체 세부 정보, KB데이타시스템, 서울 마포구, https://kr.indeed.com/rc/clk?jk=25b3c3e6a66bd77c&fccid=fe227fbd2afb9580&vjs=3
23년 DT 제조혁신 양성과정의 전체 세부 정보, 삼성중공업 거제조선소, 경상남도, https://kr.indeed.com/rc/clk?jk=e14395aeaef03617&fccid=26e0feb8bfeca210&vjs=3
데이터분석 신입/경력 정규직의 전체 세부 정보, 블록스퀘어서울, 서울 서초구, https://kr.indeed.com/rc/clk?jk=88960e11c2cdd682&fccid=72348558bd9456ba&vjs=3
클라우드 플랫폼 운영 엔지니어의 전체 세부 정보, NHN Enterprise, 성남 판교역, https://kr.indeed.com/rc/clk?jk=40e20a58af1e44ee&fccid=cc378bd7bc831eca&vjs=3
AP 기반 차량제어 서비스 개발 및 미들웨어 솔루션 개발[연구원  책임연구원]의 전체 세부 정보, 현대자동차그룹, 대한민국, https://kr.indeed.com/rc/clk?jk=e75b1f3549bd0aa9&fccid=980d6ecc399a3373&vjs=3
[롯데정보통신] 카드IS팀 시스템 엔지니어 (인프라구축/운영)의 전체 세부 정보, 롯데정보통신, 서울, https://kr.indeed.com/rc/clk?jk=666826b0c6041925&fccid=ae6a0ecfe23adfb7&vjs=3
Analog Design Engineer의 전체 세부 정보, Cirrus Logic, 서울, https://kr.indeed.com/rc/clk?jk=d193999bb6d038d4&fccid=9fa86166624bd016&vjs=3
Digital Therapeutics R&D - AI 모델 개발 (국내 유명 바이오 제약회사)의 전체 세부 정보, 엑스다임, 경기도, https://kr.indeed.com/rc/clk?jk=9605a1da49776964&fccid=3206ec9d182fb07f&vjs=3
Machine Learning Engineer Intern - Korea의 전체 세부 정보, MOLOCO, 서울, https://kr.indeed.com/rc/clk?jk=69d3cc2cca262747&fccid=6588d205440cdcb9&vjs=3
[전문연구요원] 의료영상 리서치 엔지니어 정규직의 전체 세부 정보, 메디픽셀, 서울 마포구, https://kr.indeed.com/rc/clk?jk=3544467a7b64376f&fccid=aba88c202493b8a5&vjs=3
경영기획/분석 담당자의 전체 세부 정보, 한국카카오은행, 성남 분당구, https://kr.indeed.com/rc/clk?jk=0b248604271c6ca5&fccid=aea6a13a3459fdb2&vjs=3
[선행기술원] Quantum Information - 양자 알고리즘[책임연구원]의 전체 세부 정보, 현대자동차그룹, 성남 판교역, https://kr.indeed.com/rc/clk?jk=95bead20034b3ade&fccid=980d6ecc399a3373&vjs=3
[공채] 2023년 2차 공개 제어설계 4개 부문 (3월12일 마감)의 전체 세부 정보, 에스에프에이, 경기도 화성, https://kr.indeed.com/rc/clk?jk=442c110a7c54e697&fccid=3fa03a9cab27a7ee&vjs=3
[Data Analytics팀] DA분석컨설팅 직무의 전체 세부 정보, 롯데정보통신, 서울, https://kr.indeed.com/rc/clk?jk=02b304efa2942c61&fccid=ae6a0ecfe23adfb7&vjs=3
[위메프서비스] 빅데이터 처리 및 분석 개발자의 전체 세부 정보, 위메프, 대한민국, https://kr.indeed.com/rc/clk?jk=4e3b4e13098d5aa1&fccid=2f8799a5ef214646&vjs=3
[AI Lab] AI Assistant 자연어이해 모델 연구/개발자 영입의 전체 세부 정보, 카카오엔터프라이즈, 성남 분당구, https://kr.indeed.com/rc/clk?jk=ac3bc0465977b363&fccid=e19aa33fc391b310&vjs=3
[양재역] 데이터분석(석박사급 R Python Matlab)의 전체 세부 정보, 시니어앤파트너즈, 서울 서초구, https://kr.indeed.com/rc/clk?jk=ce71e040d5a36470&fccid=59060ddcdf96b101&vjs=3
Python/Django 백엔드 개발자 (2년 이상)의 전체 세부 정보, 벨루가브루어리, 서울 마포구, https://kr.indeed.com/rc/clk?jk=3960bd9415e6df6b&fccid=fefb166bd08e31f3&vjs=3
데이터 엔지니어 (데이터Biz)의 전체 세부 정보, 한국카카오은행, 성남 분당구, https://kr.indeed.com/rc/clk?jk=f6871cd52ffdfffe&fccid=aea6a13a3459fdb2&vjs=3
[위메프서비스] 서비스 백엔드 주니어 개발자의 전체 세부 정보, 위메프, 대한민국, https://kr.indeed.com/rc/clk?jk=4bbe98923e49db2e&fccid=2f8799a5ef214646&vjs=3
DX/AI 2월의 전체 세부 정보, 교원그룹, 서울특별시, https://kr.indeed.com/rc/clk?jk=b122948262e056da&fccid=dd616958bd9ddc12&vjs=3
Junior Data Scientist의 전체 세부 정보, Logistics Management Institute, 서울, https://kr.indeed.com/rc/clk?jk=ffcab40699b79c6b&fccid=12626f295bf6a003&vjs=3
C++/Python 개발자 (병역특례 가능)의 전체 세부 정보, 아우토크립트, 서울 영등포구, https://kr.indeed.com/rc/clk?jk=d2e4b66aaa70d0aa&fccid=70a92c8954e2b950&vjs=3
[SAPEON Korea] Runtime Engineer의 전체 세부 정보, 사피온코리아, 성남 분당구, https://kr.indeed.com/rc/clk?jk=75695f362c5a223e&fccid=3e45ffdcf8435b2d&vjs=3
[코어라인소프트] 3D 솔루션 개발자 찾습니다.의 전체 세부 정보, 코어라인소프트, 서울 마포구, https://kr.indeed.com/rc/clk?jk=851e367b69e25393&fccid=af283ee927a56dfc&vjs=3
Business Data Analyst의 전체 세부 정보, AIA, 서울, https://kr.indeed.com/rc/clk?jk=b8c69b58bc3fe70c&fccid=004041685e219574&vjs=3
[램플코딩학원] 온오프라인 코딩 강사의 전체 세부 정보, 밸류에잇 벤처스, 대전 서구, https://kr.indeed.com/rc/clk?jk=3415a2ec10f41d98&fccid=11d8b37b858f8313&vjs=3
한전기술서비스(주) 2023년도 제2차 직원 연장 (마감: 2023.3.1. 24:00)의 전체 세부 정보, 한전기술서비스, 경상북도 김천, https://kr.indeed.com/rc/clk?jk=077f624ace67bbd1&fccid=c558c1009731b93b&vjs=3
여행 / 여행IT 직군 2월의 전체 세부 정보, 교원그룹, 서울특별시, https://kr.indeed.com/rc/clk?jk=6874561d1cf19cc1&fccid=dd616958bd9ddc12&vjs=3
데이터플랫폼팀 데이터분석가(Data Analyst)의 전체 세부 정보, 컬리, 서울 강남구, https://kr.indeed.com/rc/clk?jk=c2d07f35f70c865a&fccid=84f556ede0522ba3&vjs=3
항공 로보틱스 엔지니어 / SW 펌웨어의 전체 세부 정보, 스페이스워, 성남 분당구, https://kr.indeed.com/rc/clk?jk=ef34771392ce9ed0&fccid=dd616958bd9ddc12&vjs=3
전문연구요원 (병역특례) 수시 (AI / SW 분야)의 전체 세부 정보, 딥엑스, 성남 분당구, https://kr.indeed.com/rc/clk?jk=d83fc0dd2641f483&fccid=e34932b8232a173b&vjs=3
Student Researcher  PhD  2023의 전체 세부 정보, 구글코리아, 서울 강남구, https://kr.indeed.com/rc/clk?jk=f688085bf5b95500&fccid=28712efe9a7c8d8a&vjs=3
2023년 더존비즈온 부산 확정형 교육 인재의 전체 세부 정보, 더존비즈온, 부산, https://kr.indeed.com/rc/clk?jk=1259fa1865d73d18&fccid=cbf26c2db1273160&vjs=3
친환경차 에너지 관리 버추얼 솔루션 개발[연구원  책임연구원]의 전체 세부 정보, 현대자동차그룹, 대한민국, https://kr.indeed.com/rc/clk?jk=397f2e4a412203c7&fccid=980d6ecc399a3373&vjs=3
데이터 엔지니어 (데이터Biz)의 전체 세부 정보, 한국카카오은행, 성남 분당구, https://kr.indeed.com/rc/clk?jk=f6871cd52ffdfffe&fccid=aea6a13a3459fdb2&vjs=3
Associate Solutions Architect Internship - Summer 2023 (Korea)의 전체 세부 정보, Amazon Web Services Korea LLC, 서울, https://kr.indeed.com/rc/clk?jk=715514fa2903944c&fccid=fe2d21eef233e94a&vjs=3
Data Engineer의 전체 세부 정보, 비바리퍼블리카, 서울 강남구, https://kr.indeed.com/rc/clk?jk=9b136cf457c920ca&fccid=17dc934b27d58446&vjs=3
데이터 플랫폼 엔지니어 (Data Platform Engineer)의 전체 세부 정보, 두나무, 서울 강남구, https://kr.indeed.com/rc/clk?jk=e83993169f774912&fccid=6723a9d496e46445&vjs=3
[인텔리전스랩스] 데이터 분석가 (마케팅)의 전체 세부 정보, Nexon, 경기도 성남, https://kr.indeed.com/rc/clk?jk=460dc8ad3ad79208&fccid=aba87288e4cc3687&vjs=3
Software Engineer의 전체 세부 정보, 이몰디노, 서울 중구, https://kr.indeed.com/rc/clk?jk=f979800a62f658eb&fccid=8211d0d9599042ef&vjs=3
Data Scientist의 전체 세부 정보, Toss, 서울, https://kr.indeed.com/rc/clk?jk=9cb8324539546a71&fccid=18c4935c8ec646d5&vjs=3
Data Scientist의 전체 세부 정보, 이몰디노, 서울 중구, https://kr.indeed.com/rc/clk?jk=377c5ba87cf475d8&fccid=8211d0d9599042ef&vjs=3
Software Engineer-Phantom Works Global의 전체 세부 정보, BOEING, 서울, https://kr.indeed.com/rc/clk?jk=56ec2c1390d0d46f&fccid=edae4285faf6c2f0&vjs=3
Staff Software Applications Engineer의 전체 세부 정보, Synaptics, 서울, https://kr.indeed.com/rc/clk?jk=115868b6c66aca9d&fccid=adec49a5729b60f3&vjs=3
차량 음향시스템 개발[연구원  책임연구원]의 전체 세부 정보, 현대자동차그룹, 대한민국, https://kr.indeed.com/rc/clk?jk=09309985acaeafd7&fccid=980d6ecc399a3373&vjs=3
[선행기술원] Machine Learning[책임연구원]의 전체 세부 정보, 현대자동차그룹, 성남 판교역, https://kr.indeed.com/rc/clk?jk=40e310eda5a03200&fccid=980d6ecc399a3373&vjs=3
[외국계 스타트업 미소] Data Analyst의 전체 세부 정보, 유한회사 미소, 서울, https://kr.indeed.com/rc/clk?jk=ec5c7ccd76639120&fccid=02936474a8d39137&vjs=3
2023 Software Engineering Intern의 전체 세부 정보, 구글코리아, 서울 강남구, https://kr.indeed.com/rc/clk?jk=f39b555cc7884faa&fccid=28712efe9a7c8d8a&vjs=3
[상시] 컴퓨터 비전 및 딥러닝 엔지니어의 전체 세부 정보, 니어스랩, 서울 강남구, https://kr.indeed.com/rc/clk?jk=4139444b8225d009&fccid=f3d5eeb09e72b348&vjs=3
Field Service Engineer Korea의 전체 세부 정보, Nearfield Instruments, 경기도 용인, https://kr.indeed.com/rc/clk?jk=e56e53f9e4149095&fccid=d1f76f33badbaf8a&vjs=3
2023년 상반기 백엔드 개발자의 전체 세부 정보, 반달소프트, 성남 분당구, https://kr.indeed.com/rc/clk?jk=1601f1bfe3302af5&fccid=f35f7fc5e918087a&vjs=3
데이터 서비스/플랫폼 개발의 전체 세부 정보, NHN, 성남 판교역, https://kr.indeed.com/rc/clk?jk=031eec3794f09645&fccid=cc378bd7bc831eca&vjs=3
데이터 분석 및 모델 개발 (신입/경력)의 전체 세부 정보, 네피리티, 서울 서초구, https://kr.indeed.com/rc/clk?jk=1b5aafca262fb06f&fccid=c19d960df8608057&vjs=3
[ICT] Data Engineering[매니저  책임매니저]의 전체 세부 정보, 현대자동차그룹, 대한민국, https://kr.indeed.com/rc/clk?jk=a7697f2f7d1c0c39&fccid=980d6ecc399a3373&vjs=3
Software Engineer  People with Disabilities (장애인 채용)의 전체 세부 정보, Google, 서울, https://kr.indeed.com/rc/clk?jk=ac64fda2e281b835&fccid=a5b4499d9e91a5c6&vjs=3
빅데이터 학습/관리/분석의 전체 세부 정보, 앤씨앤, 성남 분당구, https://kr.indeed.com/rc/clk?jk=c6ebfea478b5cecf&fccid=e0ebb3045283ebe8&vjs=3
JR0192526 SW engineer intern의 전체 세부 정보, 인텔코리아, 서울, https://kr.indeed.com/rc/clk?jk=83f4939522ffaa68&fccid=ded06d6a6799d929&vjs=3
Senior Python Engineer: Long-term job - 100% remote, Proxify AB, Anywhere in the World, https://weworkremotely.com//remote-jobs/proxify-ab-senior-python-engineer-long-term-job-100-remote
Full-stack Developer (Python/React) , Lemon.io, Latin America Only/Europe Only/UK Only/Canada Only, https://weworkremotely.com//remote-jobs/lemon-io-full-stack-developer-python-react
Full Stack Software Engineer (React / Python), Trustworthy, Anywhere in the World, https://weworkremotely.com//remote-jobs/trustworthy-full-stack-software-engineer-react-python
Senior Open Source Developer & DevOps (Python  Django  React  AWS/OpenStack), OpenCraft, Anywhere in the World, https://weworkremotely.com//remote-jobs/opencraft-senior-open-source-developer-devops-python-django-react-aws-openstack
Senior Full-stack Engineer with Python, NannyML, Anywhere in the World, https://weworkremotely.com//remote-jobs/nannyml-senior-full-stack-engineer-with-python
(Senior) Python Full Stack Software Developer, Optimile, Europe Only, https://weworkremotely.com//remote-jobs/optimile-senior-python-full-stack-software-developer
Python Developer, Input Logic, Canada Only, https://weworkremotely.com//remote-jobs/input-logic-python-developer
Python Platform Engineer, Doximity, Americas Only, https://weworkremotely.com//remote-jobs/doximity-python-platform-engineer
